BankID,BankName,Branch,IFSC_Code,BankCountry
1,"Fisher, Tyler and West Bank",Muellerport,IFSC2014,Gambia
2,Hall-Robinson Bank,Danaton,IFSC7024,Andorra
3,Watts Inc Bank,North Royport,IFSC5567,Austria
4,"English, Carlson and Hart Bank",New Alanhaven,IFSC5607,China
5,Thompson and Sons Bank,Lake Evelynville,IFSC7879,Nepal
6,Murray and Sons Bank,Blairfurt,IFSC7666,Guinea-Bissau
7,"Martinez, Anderson and Smith Bank",Noahshire,IFSC2325,Niue
8,"Collier, Davenport and Moore Bank",South Kelly,IFSC6484,Bahamas
9,"Hines, Stephenson and Morse Bank",Lake Alecland,IFSC8246,Cayman Islands
10,French PLC Bank,Daniellebury,IFSC1558,Saint Helena
