CustomerID,CustomerName,DOB,Gender,Address,PhoneNumber,Email,CreditScore,AccountCreatedDate
1,Alexandra Brown,1957-06-14,Female,"48618 Hansen Port, South Paul, AL 32160",(180)671-7614x97652,jeremyrichmond@ruiz.com,510,2023-08-19
2,Brian Lewis,1984-12-07,Male,"598 Adams Ridges Suite 957, Hodgesport, OH 85897",+1-071-406-0214x4141,james83@acevedo.info,507,2021-01-06
3,Christy Cobb,2004-07-09,Female,"1117 Dalton Burgs Apt. 008, New Stevenhaven, IA 02909",001-067-849-6988x2549,bentoncrystal@hotmail.com,360,2020-04-25
4,James Smith,1979-06-06,Male,"21825 Parker Crescent Apt. 246, Schwartzside, DC 70915",967-460-4484,james46@williams.com,575,2024-02-26
5,Kenneth Waters,1989-04-03,Male,"146 Jason Burg, Joyborough, NV 26624",001-712-539-6433x7715,brownlaura@hotmail.com,807,2017-09-04
6,Bryan Ramos,1981-03-08,Male,"89656 Johnson Coves, North Catherinechester, IA 52166",1079611284,amanda06@gmail.com,465,2022-02-27
7,Caitlin Cooper MD,1962-08-14,Male,"906 Katherine Heights, Shannonberg, NY 69384",8992387090,matthew05@hotmail.com,802,2024-01-16
8,Anthony Fisher,2004-03-10,Male,"95399 Michael Inlet Suite 702, West Sherrytown, FL 17624",(094)766-4572x6365,patrickkelley@hotmail.com,345,2015-11-30
9,Dale Miles,1971-08-04,Female,"2918 John Knoll, Gillside, AK 88422",001-769-126-8756x5262,nortonteresa@yahoo.com,661,2016-10-30
10,Michael Vazquez,1989-05-23,Male,"5458 Patricia Valleys, Brianport, VT 02245",001-436-266-6017x47250,fowlermichael@yahoo.com,777,2021-02-25
11,Carlos Villanueva,1983-05-18,Male,"7385 Fitzpatrick Locks, Bethanymouth, SD 92534",+1-706-607-2535x1576,allisonmorris@bradley.org,348,2017-06-17
12,Dylan Barrera,1976-04-08,Female,"295 Sanchez Bypass Suite 599, South Adam, NC 34647",(376)834-5746,cynthia67@yahoo.com,758,2025-03-08
13,Jose Washington,1973-03-27,Male,"7273 Mike Mount, Davisburgh, TN 56676",(117)645-2368x2852,ksilva@smith-anderson.com,510,2019-11-09
14,Robert Ayers,1994-11-07,Male,"891 Beverly Ports Suite 502, Port Kathyburgh, ID 06325",001-085-958-8330x2255,tranmargaret@gmail.com,460,2017-04-05
15,Katie Rojas,1985-01-02,Male,"38813 Briggs Ford Suite 753, Dianeton, SD 03400",8041804035,hernandezmary@tran.biz,828,2015-09-28
16,Jason Bullock,1987-05-17,Female,"67672 Phillip Fall, Wilsonhaven, IN 79647",001-503-144-8126x07187,julie01@nelson.org,497,2023-12-23
17,Joseph Miller,1972-09-24,Male,"134 White Mews, West Deborah, DE 81458",001-665-519-2765,laceydeleon@gonzalez-cole.com,468,2024-07-03
18,Felicia Ingram,1959-12-26,Male,"10030 Callahan Dale, Lake Megan, MN 41434",986-650-3180x942,karen52@yahoo.com,445,2022-02-18
19,Paula Vargas,1977-07-28,Male,"009 Walker Keys, Mcdonaldstad, FL 43261",614-225-2455x57772,pthomas@hotmail.com,396,2023-09-23
20,Rick Smith,1983-09-04,Male,"115 David Ways Suite 171, Peterberg, MT 23255",001-339-774-7790,christina48@johnson.com,776,2020-10-01
21,Lisa Zavala,1976-07-17,Female,"PSC 0928, Box 6749, APO AP 34757",888.664.3721,maria17@yahoo.com,656,2022-12-26
22,Hayden Foster,2000-07-29,Male,"Unit 3754 Box 2666, DPO AP 15424",(534)014-0301,nicholas58@gmail.com,435,2022-04-20
23,Donna Wilson,1997-09-27,Female,"9286 Daniel Lights Apt. 846, North Clarence, OR 86500",+1-972-145-0519x17054,crystal56@hotmail.com,693,2018-07-28
24,Danielle Moore,1989-06-19,Male,"18890 Pollard Views Suite 183, Wilsonmouth, MD 32985",+1-652-710-2414x1360,amberthomas@yahoo.com,810,2020-06-27
25,Scott James,2002-06-01,Male,"59584 Schneider Via Apt. 439, New Matthewview, HI 93612",6799400198,christopherallen@anderson-walker.biz,780,2016-11-26
26,Anthony Cuevas,1999-06-30,Female,"64071 Jonathan Walks Suite 401, West Zacharyside, ID 06461",944.179.9816x2467,jaredcallahan@gonzales.com,348,2017-01-12
27,Christina Edwards,1983-12-29,Female,"641 Cohen Track Suite 556, North Brittany, MN 93185",899-186-7050x092,uhendricks@elliott-acosta.com,631,2019-03-03
28,Rebecca Mcdowell,1977-06-01,Female,"061 Ross Port, Lake Aprilmouth, TN 42701",001-756-781-1987,perezchristopher@johnson.com,364,2019-09-26
29,Jim White,1984-11-24,Male,"736 Mack Viaduct, Lake Cassandra, ID 50789",(238)722-5445x635,taylorjulie@gmail.com,796,2019-07-12
30,Heather Maddox,1967-11-20,Male,"26303 Troy River, Lake Natasha, SC 19642",112-361-0669x469,petersonanthony@smith.info,839,2023-03-26
31,Stacie Landry,2001-09-24,Male,"USNS Schmidt, FPO AE 60139",(561)236-6271x2206,zachary13@johnson.com,709,2015-12-15
32,Janet Trevino,2006-08-17,Female,"9708 Kara Forges, North Jenniferbury, AK 60786",001-673-348-7558x70997,vbaker@yahoo.com,428,2018-08-03
33,Brian Leach,1966-09-29,Male,"51770 Murillo Turnpike, West Ricardo, KS 63105",001-486-436-3138x1507,gloriadiaz@gardner.com,725,2015-11-13
34,Hannah Mendoza,1991-09-05,Male,"6555 Bethany Ramp Apt. 614, Melvinside, MS 10117",551.315.6674x64756,jperez@yahoo.com,812,2016-09-08
35,Angela Taylor,2007-06-04,Female,"8103 Meyers Islands Apt. 047, Ambershire, NV 41414",301.067.4365,davidperkins@yahoo.com,361,2015-10-06
36,Raymond Mason,2000-03-21,Female,"PSC 4166, Box 7237, APO AE 04740",260-602-7687x95194,mistyrobertson@yahoo.com,632,2021-08-16
37,Vanessa Lee,1962-04-25,Female,"7850 Smith Terrace, South Troychester, MO 97049",730-491-3444x44575,linda10@romero.biz,696,2020-06-03
38,Tiffany Taylor,2001-01-04,Female,"PSC 8684, Box 9294, APO AP 51822",+1-800-591-9612x4295,donald48@yahoo.com,687,2017-12-29
39,Kelsey Romero,1986-12-19,Female,"4595 Brianna Pine Apt. 451, Lake Adam, DC 66779",376.027.6350x2298,charles43@flowers.info,634,2018-08-23
40,Scott Duke,1989-09-22,Female,"808 Melissa Manors Apt. 991, South Nathaniel, RI 46986",168.487.4435x0297,robinsonheather@lawrence.com,443,2017-08-30
41,Daniel Taylor,1964-05-18,Male,"2040 Jeremy Gardens, Gutierrezmouth, KS 52149",001-340-547-2910,timothy54@greene-delgado.com,402,2018-04-23
42,Robin Jones,1999-02-12,Female,"Unit 3994 Box 2494, DPO AE 46212",3729681375,vclarke@yahoo.com,693,2024-09-03
43,Angela Hernandez,1970-03-20,Male,"27260 Antonio Square, North Robinshire, MO 22864",167.250.6163x795,alejandra40@yahoo.com,622,2021-10-09
44,Terri Myers,2004-02-14,Female,"907 Tony Tunnel, South Jessicaview, NH 16153",273.788.7453,youngjulie@white-osborn.com,435,2018-05-24
45,Rebekah Meyer,1998-06-11,Male,"606 Patricia Island Suite 527, Woodton, OH 50009",503-832-8527x4324,michael13@kennedy.com,808,2023-03-11
46,Jason Wong,1997-02-21,Male,"671 Hernandez Common, Williefort, NY 79795",+1-957-210-9026x989,smithkatie@jarvis-wilson.com,583,2015-12-31
47,Kimberly Rowe,2007-06-05,Female,"20495 Lucas Village, Lake Chelsea, MS 16830",245-663-0093x8972,evasquez@garza.com,488,2025-02-14
48,Donald Warner Jr.,1993-11-04,Male,"709 Hanson Neck, Barronfort, AR 06499",+1-501-354-6785x1647,coltonholt@carroll-chambers.com,651,2021-06-02
49,Patrick Mayer,1965-10-20,Male,"39554 Rachel Orchard Suite 211, Lake Lisaport, DC 89250",(397)861-8749,matthew53@hotmail.com,550,2017-12-13
50,Russell Mcpherson,1973-08-09,Male,"91020 Kristin Plains, Savannahton, UT 18087",(840)226-9291,sandersamy@bradshaw-smith.com,365,2017-11-19
51,Francisco Burton,2001-01-09,Male,"40892 Melanie Turnpike, Michaelborough, AL 15262",2699939174,ajordan@yahoo.com,601,2019-07-19
52,Michael Bradford,1988-08-13,Male,"6998 Walker Ports, Cherylland, TN 62902",(573)394-2631x075,mark45@gmail.com,735,2022-10-14
53,Veronica Hawkins,2004-02-08,Male,"029 Watson Plains, North Jamesland, PA 34759",(323)127-8977,melissa83@yahoo.com,740,2017-06-21
54,Erica Colon,1960-01-07,Female,"5095 Courtney Wells, Kimberlystad, NM 83255",513-411-6021x263,earellano@castro.com,483,2022-05-16
55,Lori Mcdonald,2004-10-25,Female,"PSC 7661, Box 4845, APO AA 07672",2898479967,amy55@yahoo.com,450,2015-09-26
56,Ryan Wise,1993-04-22,Female,"46988 Morton Lodge, Steeleshire, KS 33556",001-870-954-3803x45144,scarlson@gmail.com,833,2025-03-15
57,Anthony Roberts,1989-04-28,Male,"52179 Sonia Inlet, West Hannahmouth, NY 13260",+1-235-363-1997x95143,hwhitaker@hotmail.com,676,2016-05-14
58,Michael Cobb,1996-03-22,Male,"79645 Brown Streets, Lake Lindsay, FL 76021",104.065.9874x974,peter78@gmail.com,359,2019-01-06
59,Diane Parker,1998-03-08,Female,"119 Brewer Island, Ryanmouth, OH 84063",+1-146-431-5770x808,kelly35@green.com,463,2019-07-21
60,Kimberly Kennedy,1968-12-05,Female,"0301 Herrera Landing Suite 590, West Thomas, GA 77809",(608)394-4471x632,jessica10@turner-simmons.com,307,2016-10-30
61,Abigail Anthony,1987-07-12,Male,"390 Weaver Lock, Port Anthony, AL 25662",(744)643-3173,daisyhall@arnold.net,634,2019-09-15
62,Sarah Shaw,2005-04-21,Male,"852 Pierce Square, West Michelle, MA 40989",5015865316,douglas42@hotmail.com,435,2023-06-15
63,Mr. Jason Marquez,1972-06-04,Male,"739 Smith Stravenue, South Jenny, MO 42123",+1-676-659-9785x281,kenneth23@richards.com,480,2024-05-28
64,Christy Smith,1982-03-19,Male,"67317 Lynch Manor, Hillfort, AR 51557",(636)622-8642,emily11@olson.com,613,2016-01-06
65,John Fernandez,1962-12-14,Male,"9686 Brendan Light Apt. 492, Michelleview, WV 38764",318-421-0706,williamskimberly@hamilton.info,658,2021-08-26
66,John Miller,1978-01-02,Male,"35058 Wagner Plains, South Nicholasfort, PA 60345",176-364-0187,lsanders@yahoo.com,450,2024-07-11
67,Casey Davidson,1989-08-26,Male,"7747 Rivera Terrace, Christianfort, ID 94516",+1-546-894-1568,leebrian@shaffer.com,764,2018-04-27
68,Amanda Obrien,1954-09-15,Female,"113 Margaret Villages Apt. 108, Bethchester, CT 55373",(569)313-1028x870,ythompson@smith.net,447,2024-08-31
69,Leslie Wise,2001-06-27,Female,"4240 Charles Square Apt. 371, West Lisabury, KS 86974",737.981.9164x35430,fcruz@yahoo.com,306,2016-10-31
70,Louis Hart,1963-01-18,Male,"3286 Joshua Mews, West Stacey, OK 54434",+1-833-380-5600,christine08@hotmail.com,592,2017-09-28
71,Keith Carter,1992-06-09,Male,"564 Lisa Unions Suite 749, West Karaville, NM 61978",979.424.3471x0545,kristen86@odom.net,501,2019-12-09
72,Katherine Smith,1967-05-16,Female,"83795 Mccarthy Mountain Apt. 960, South Gregory, MA 80299",+1-674-224-7922x1290,barkerdustin@freeman-cook.com,545,2024-07-27
73,Peggy Flores,1985-12-13,Male,"996 Melissa Passage Suite 466, Lake Staceyshire, NE 05240",3976559521,krogers@yahoo.com,601,2019-09-22
74,Nicole Adams,1993-03-31,Male,"94568 Maria Stravenue, West Frankbury, AL 46883",(681)287-4077,tylerwilliams@yahoo.com,731,2019-07-02
75,Renee Sullivan,1976-10-22,Female,"59309 David Mission, New Kimberly, AZ 39314",+1-717-886-2881x0314,timothydickerson@carr.org,576,2022-02-05
76,Richard Stephens,1981-04-14,Female,"305 Mcfarland Forge Suite 449, Parkermouth, DE 01112",001-465-312-5636x35626,stephenthompson@yahoo.com,741,2022-01-09
77,Barbara Patel,1987-10-08,Female,"57956 Daisy Coves, East Kimberlystad, WV 24559",5145263355,sanchezjessica@gmail.com,634,2019-07-25
78,Jasmine Banks,1994-03-21,Male,"2994 Wilson Rue Suite 403, Kristimouth, NM 62231",001-116-350-3224x65633,mark15@gmail.com,660,2018-12-23
79,Gregory Ferguson,1981-05-18,Female,"164 Andrew Oval Apt. 000, Allisonton, NC 67469",(409)807-1907,robertsandoval@hotmail.com,527,2016-09-04
80,Danny Wilson,1987-08-28,Male,"38280 Russell Islands, East Jessicaton, AR 41885",799-094-1890x0117,fmoore@gmail.com,344,2018-03-13
81,Edward Garcia,1997-12-03,Female,"84465 Diana Tunnel Suite 301, Darrellstad, LA 43926",208.068.2833x156,anthonygreen@hotmail.com,748,2025-02-13
82,Heather Mcconnell,1991-05-23,Female,"Unit 9005 Box 4141, DPO AA 07126",+1-541-106-1271,nbarker@yahoo.com,794,2015-10-08
83,Lauren Jackson,1958-10-21,Male,"4071 Dickerson Key Apt. 489, Adamton, MO 55901",(144)785-9799x3643,christopher97@rasmussen.com,481,2020-08-21
84,Sarah Baxter,1972-08-26,Female,"902 Sandra Highway Suite 710, Jasonmouth, ND 77022",954-847-6717,carol29@freeman.com,542,2021-06-16
85,Joseph Russo,1990-02-05,Female,"22339 Gonzalez Heights Apt. 183, New Keithburgh, NH 30593",+1-392-790-2522x7408,rivasbrittany@yahoo.com,448,2022-07-12
86,Michelle Meyer,1974-09-26,Female,"545 Ford Ways Apt. 894, West Anthony, SD 19563",430.133.6227x790,fraziermargaret@gmail.com,750,2024-02-21
87,Larry Brown,2004-05-27,Female,"5308 Samantha Ramp Suite 599, Buckhaven, PA 76829",2261087221,cindywalker@hotmail.com,710,2023-12-26
88,Darrell Brown,1956-10-29,Female,"888 Monica Islands Apt. 047, Jamiefurt, FL 02388",001-323-152-5264x560,gomezelizabeth@gmail.com,836,2021-12-19
89,Ryan Castillo,1997-12-25,Male,"4602 Anita Ways, Jonesmouth, WA 98698",(529)956-8090,cware@harmon.com,469,2019-03-20
90,Charles Wells,1989-12-04,Male,"311 Thomas Course, Sawyerside, RI 17147",924.261.7285,glenntimothy@hotmail.com,448,2018-01-20
91,Emily Bailey,1990-06-10,Female,"92742 Kimberly Village Apt. 291, Port Seanfurt, NC 78672",+1-575-833-2417x6207,williamlane@jones-marquez.biz,836,2021-04-23
92,Eric Pham,1992-08-20,Male,"59896 Hurst Trail, West Julian, NJ 32025",(709)865-6178,jamesthompson@kennedy.com,768,2018-01-31
93,Karen Summers,1967-06-14,Male,"962 Kristen Isle Apt. 381, Dianemouth, AZ 39064",+1-927-903-5144x747,rileyanthony@hotmail.com,774,2020-03-25
94,Cody Montgomery,1993-03-12,Male,"0206 Johnson Ports, Kathyshire, MN 67720",+1-190-849-2586x5102,johnharris@castro.com,411,2024-02-28
95,Anna Gonzales,1963-10-19,Female,"251 Robinson Expressway, Fuentesfort, NV 58936",9124560421,timothyarnold@gmail.com,814,2021-11-27
96,Shane Webb,2002-12-20,Female,"5609 Young Cove Suite 014, North Amandaside, OK 25918",+1-379-868-9847,wmartinez@hotmail.com,425,2023-06-07
97,Madison Hanson,2005-04-14,Male,"094 Murphy Stream Apt. 975, Johnsonbury, RI 33155",(442)146-1125x816,smithzachary@hotmail.com,758,2023-02-05
98,Matthew Bennett,1972-08-05,Male,"57936 Stephen Dale, Jessicaberg, IA 77562",+1-628-789-2150x453,bakeramanda@gmail.com,310,2017-08-31
99,David Thompson,1963-06-07,Male,"071 Hines Heights, East Christopherfort, TX 78407",707-790-1190x893,bhorne@rojas-crawford.com,532,2020-02-02
100,Leslie Clayton MD,1997-08-25,Female,"277 Meyer Divide, Port Aaronshire, FL 96018",447-198-2725x5556,juanlewis@gmail.com,327,2022-03-14
101,Laura Estes,1967-04-05,Female,"247 Heather Road Suite 924, Walkerburgh, KS 13404",799-073-7531,john19@yahoo.com,572,2018-06-18
102,Courtney Peterson,1972-09-09,Male,"5928 Bray Fort, New Andreashire, KY 27808",993-419-0542x64059,johnsonkyle@rice-bush.com,799,2025-07-03
103,Lucas Oliver,1981-05-23,Female,"338 Samuel Common Suite 726, North Jeffrey, AR 41414",001-223-831-8502x423,james40@fernandez-torres.net,375,2024-10-05
104,Mark Williams,1955-01-12,Male,"94536 Bautista Coves, New Shannonland, NH 78538",(382)485-9631x3268,watkinsjeanne@stokes-wilson.com,640,2024-07-05
105,Paige Johnson,1996-03-04,Female,"Unit 5592 Box 9505, DPO AE 09913",(818)178-8846x9579,ortizsharon@gmail.com,578,2018-12-07
106,Trevor Edwards,1958-06-05,Male,"0880 Strickland Trace, Melissahaven, VT 51423",001-248-254-2643,eschaefer@fisher.com,343,2022-12-13
107,James Paul,1983-06-14,Male,"1551 James Radial Apt. 473, Edwardsberg, TX 33077",9952132308,raymond75@padilla.org,821,2023-04-15
108,Joseph Hall,1971-06-19,Male,"0473 Louis Grove, North Randallburgh, CA 31247",730-929-2866,eric65@yahoo.com,535,2017-04-28
109,Maria Rhodes,1971-12-06,Male,"73606 Dorothy Points, Amyside, TX 39625",(063)968-2139,nandrews@carter.com,412,2019-06-18
110,Andrew White,1971-01-17,Male,"2215 Gabriela Common Apt. 473, North Leah, NH 30946",+1-594-508-6945x74347,cfuller@yahoo.com,738,2024-10-01
111,Kelsey Miller,1968-11-10,Male,"736 Ariel Corners Apt. 432, West Jenniferborough, HI 56899",4097233082,robertsmark@yahoo.com,470,2016-01-07
112,Shannon Combs MD,1975-06-23,Female,"34853 Donaldson Locks Apt. 364, New Anthony, SD 23437",001-083-865-3454x4682,vsherman@miller.net,484,2021-04-29
113,Melanie Norman,1988-03-18,Female,"2981 Zimmerman Rapid, West Darlene, TX 98934",395-502-3591x5702,adamskaren@hickman.biz,744,2022-09-25
114,Logan Liu,2000-01-16,Male,"01805 Reyes Stravenue, Ronnieborough, MO 81852",5207157461,jessicaduncan@hotmail.com,559,2023-08-10
115,Michael Adkins,1978-08-13,Female,"902 Erika Port, Jimenezfort, PA 11048",+1-714-147-0679x83743,rvilla@gmail.com,538,2017-08-25
116,Kimberly Curtis,1983-10-17,Female,"0464 Jackson Cove, Buchananville, TX 66396",(451)741-8780,paulsparks@ross.com,456,2021-02-10
117,Nicholas Patrick,1965-07-06,Female,"40947 Robert Squares Apt. 871, North Molly, NH 11420",(569)927-6235x271,charlesbowman@webb-gibbs.com,474,2018-04-06
118,Olivia Howard,1982-03-02,Male,"8127 Noah Stream, Port David, CA 83211",310-971-6164x21667,denise85@rodriguez.com,655,2019-11-27
119,Michael Stone,1977-08-11,Male,"831 Mason Mountains Suite 654, North Leahhaven, SD 54321",+1-931-471-2016x17127,portermichael@hotmail.com,516,2018-03-21
120,Mark Gonzalez,2005-05-21,Male,"086 Jacobs Fields Apt. 761, North Ryanmouth, DE 25777",381.989.2197x148,edward60@lewis.biz,553,2021-02-12
121,Matthew Yates,1984-07-17,Male,"USNS Collier, FPO AE 22065",+1-094-766-5791x026,sandra55@morales-price.com,440,2018-11-15
122,Christopher Edwards,2001-05-19,Female,"202 Barry Extension Suite 939, Allisonport, ND 12269",+1-801-527-2061,browncharles@hotmail.com,711,2016-04-08
123,Christian Alvarez,1990-09-07,Female,"11498 Bailey Shore, Dixonburgh, WY 41064",247-996-2943,cookjustin@morrison.com,633,2023-02-02
124,Casey Richardson,2002-10-29,Female,"72358 Bethany Centers Apt. 370, East Tracyborough, MA 46300",056-616-8139,lmack@haas.com,678,2019-05-06
125,Joseph Gonzales,1983-03-28,Male,"USCGC Bradford, FPO AP 17545",138-889-3203x7587,yhardin@hotmail.com,752,2025-05-30
126,Rhonda Jones,1979-07-13,Female,"Unit 9318 Box 9964, DPO AP 43841",001-118-529-3614x705,daniel47@hotmail.com,369,2020-04-23
127,Bobby Warren,2003-07-20,Female,"06166 Acosta Court Apt. 080, Danielport, MD 93787",633.190.0845x3665,mcleanjames@hotmail.com,430,2022-02-09
128,Tara Jones,2002-06-22,Female,"6296 Woodard Expressway Suite 693, Lake Christopherborough, OR 44471",581-185-0120,wanda39@garza.biz,445,2016-09-08
129,Elizabeth Warren,1992-10-02,Male,"73747 Jeffery Square, Alisonbury, KY 27636",416.318.9494x1439,tony20@nixon-duncan.com,686,2015-09-16
130,Casey Poole,2004-03-30,Female,"USNS Sanchez, FPO AE 57611",001-788-869-2307x7363,roy17@brown.biz,554,2023-07-31
131,Alison Mcintosh,1981-07-05,Female,"0165 Brown Cape Suite 873, Lake Michael, MT 16708",160.222.2359,stewartbrian@barber-ward.net,789,2021-11-16
132,Valerie Miller,2002-08-03,Male,"3723 Gamble Estates Suite 640, East Lisamouth, ME 19093",710.378.1500,jasmineyoung@yahoo.com,734,2022-06-06
133,Stephanie Walton,1959-05-19,Female,"6777 Leah Turnpike Suite 808, Johnsonfort, VT 16912",(020)388-8966x1476,awoods@castro.info,819,2024-10-23
134,Sherry Walters,1992-11-17,Male,"77857 Peterson Flats, West Sheilaborough, TX 23720",790-425-8609x01646,mooreclayton@gmail.com,783,2019-05-08
135,Isaiah Walker,1978-11-01,Male,"537 Sanchez Rapid, East Michael, UT 09738",001-924-208-5104x97391,briana64@james-cruz.com,472,2016-06-12
136,Melissa May,2007-04-10,Female,"88370 Dennis Mountain Suite 019, Turnerbury, TX 05212",(177)078-7458x660,wilcoxlinda@gmail.com,620,2019-05-31
137,Molly Wise,1981-08-14,Male,"USS Jefferson, FPO AA 57368",+1-347-781-0103x300,smithjohn@hotmail.com,439,2022-10-26
138,Laura Hobbs,1961-06-17,Male,"63573 Jeff Plaza Apt. 348, Randallmouth, OH 50063",+1-282-102-8718x42911,pricerandall@yahoo.com,565,2023-10-20
139,Amanda Kane,1999-02-02,Female,"714 Scott Island, New Gloria, WA 78038",818.787.6514x017,rebeccathomas@mccarty.com,831,2019-10-08
140,Jerry King,1984-08-22,Female,"7121 Gabriel Locks, Smithberg, NC 69699",019.921.2814,brittanylopez@holloway.info,764,2024-12-16
141,Michael Rose,1995-07-05,Female,"72669 Cynthia Trafficway, East Davidport, NM 41482",001-429-614-6069x09145,spencer44@gmail.com,736,2024-12-12
142,Nicole Willis,1998-10-02,Female,"41595 Stevens Gateway, East Melissa, MS 66440",167-463-7730,laraphillip@gmail.com,621,2020-10-01
143,James Brewer,1960-03-22,Male,"15450 Collins Terrace, Michaelfurt, TX 26446",+1-654-862-7154x682,hayesmelissa@rodriguez.com,423,2020-05-17
144,Kimberly Graham,1984-09-06,Male,"197 Lori Plaza Suite 076, South Stevenstad, WI 90430",279-193-8702,gonzalesaaron@yahoo.com,708,2024-05-08
145,Elizabeth Shelton,2001-04-29,Male,"712 Calderon Drives Apt. 231, Jamesmouth, NC 92330",9650276508,richardsonchristy@deleon.org,833,2023-07-27
146,Caroline Riley,1974-10-28,Female,"464 Martin Canyon, North Sarahtown, NH 38035",001-237-020-7642x210,natalieflores@hotmail.com,587,2017-06-14
147,Julie Dunn,2003-10-02,Female,"83130 Robinson Brook Suite 759, Karenfort, AR 47317",394.046.3386x85255,sandovaljohn@yahoo.com,352,2017-02-05
148,Deborah Carlson,1994-11-17,Male,"11752 Heather Lane, Sarahmouth, FL 38448",(950)489-8596x437,ericksonlatoya@jackson.com,319,2018-09-06
149,Laura Hill,1984-08-08,Male,"7282 Terry Spurs, Port Jackieton, NY 36595",001-898-910-1407x557,idean@thompson.com,477,2020-09-26
150,Michael Gilbert,2001-04-23,Female,"0748 Sean Plaza Suite 494, East Megan, ME 21985",001-572-948-8920,uflowers@hotmail.com,698,2020-02-08
151,Hunter Murray MD,1955-06-02,Male,"0250 Arnold Village Suite 154, West Derrick, OH 08299",(541)965-6056x66436,lpierce@gmail.com,786,2025-05-13
152,Dana Holmes,2001-03-25,Female,"83692 Jesus Locks Apt. 296, Vernonburgh, GA 54721",(009)828-9719x5545,gregory21@hotmail.com,473,2016-08-21
153,Phillip Blair,2000-07-13,Female,"04185 Kaitlyn Drive, Tonyafurt, SC 55990",712-397-3617x1217,michaelwilliams@morrow.com,687,2024-03-10
154,Virginia Barnett,1976-10-30,Male,"631 Fleming Freeway, Maryland, NC 49699",+1-168-789-9782x1694,jasmine54@gmail.com,576,2018-04-07
155,Anthony Green,2002-01-05,Female,"84925 Duarte Mountain Apt. 261, Edwardberg, IL 58175",9812179763,travis93@anderson.info,711,2024-03-02
156,Teresa Perkins,1955-11-14,Male,"8422 Kenneth Lock, East Jason, NY 50737",3519039685,zthompson@gmail.com,654,2021-06-21
157,Timothy Adkins,1984-04-28,Female,"69933 Brenda Run, Lake Daltontown, VT 40195",745.103.3830,kwatson@yahoo.com,559,2018-09-22
158,Jeffrey Lopez,1997-02-02,Male,"9919 Flynn Mount Apt. 364, Lopezton, SD 08204",792.193.6799x23223,karajackson@collins.net,582,2023-12-06
159,Antonio Cunningham,1997-07-12,Female,"6683 Rebecca Causeway Apt. 747, Lake Lindaborough, OH 27978",001-863-331-1651x22558,susan87@gmail.com,449,2018-08-03
160,Mr. Bradley Bell,1980-06-16,Female,"USNV Bradley, FPO AA 41266",001-710-050-1686,ashleyjohnson@navarro.biz,782,2017-07-01
161,Erik Johnson,1961-03-30,Male,"56652 David Fords, Antoniomouth, FL 67180",(273)130-8243,jamesrichardson@hotmail.com,699,2021-05-02
162,Kristen Aguilar,1955-03-24,Male,"0540 Deborah Gateway Suite 900, Morrismouth, PA 74858",764-653-9671x66039,jacobgardner@yahoo.com,834,2019-06-09
163,Lauren Wood,1974-07-21,Male,"USCGC Cole, FPO AE 66528",170.807.5838x18619,michael65@allen-evans.net,739,2019-08-13
164,Cory Miller,1981-12-16,Male,"2160 Allen Flats Apt. 585, West Alexanderton, ND 42125",(088)951-5993x646,levans@yahoo.com,302,2021-05-05
165,Kayla Chan,2006-04-30,Male,"PSC 3967, Box 9052, APO AA 44096",+1-518-489-4275x091,michelle95@lucas.com,378,2016-03-09
166,Rachel Gonzales,1995-08-11,Female,"790 Leslie Point, New Lauramouth, KS 74133",857-772-5831x9340,dmeyer@wilson.com,460,2019-10-31
167,Heather Johnson,1979-01-10,Female,"93266 Hopkins Cape, North Jonathan, TN 48371",266-308-9876x320,tamaradominguez@lyons.com,590,2017-07-29
168,Richard Johnson,1985-04-27,Male,"4993 David Unions, Port April, NC 21138",001-933-467-0190x913,sharonsalinas@yahoo.com,681,2023-12-24
169,Steven Hamilton,1994-10-01,Female,"375 Hanson Landing, Lake Patriciaport, ND 94156",001-936-154-2637x594,martinryan@gmail.com,327,2021-10-03
170,Nicholas Rodriguez MD,1961-08-11,Male,"32282 West Coves Suite 045, Catherineland, IN 55724",(838)179-3871x759,trevor60@gonzalez-smith.info,728,2023-02-15
171,Michael Sanchez,1970-04-15,Male,"049 Charles Tunnel Suite 721, East Tiffanyville, DE 38971",(851)580-2455,alexander16@hotmail.com,685,2024-02-05
172,Patricia Lewis,1992-10-12,Male,"3144 Griffin Forges Apt. 420, New Danberg, CO 64454",541-939-5720x561,abarnett@hotmail.com,765,2019-08-25
173,Michael Robinson,1968-11-27,Male,"312 Kevin Points, Davidborough, MT 92723",258.475.8981,janicebrown@jones.biz,323,2020-07-22
174,Jermaine Mccall,1987-08-16,Male,"5971 Theresa Summit, Lake Jessicaborough, OK 55208",(896)964-0584,josephtina@gmail.com,669,2018-06-24
175,Kathleen Buckley,1963-05-19,Female,"353 Tamara Shoals, West Kimberly, ME 73802",493.888.4778x5916,newtonamanda@gmail.com,627,2022-02-03
176,Stephanie Boyd,1975-06-07,Male,"6309 Karen Heights Apt. 456, Port Sandra, NC 06378",468.464.3685,harry77@hotmail.com,311,2019-05-02
177,David Robinson,1972-05-07,Female,"536 Norman Shoal, Smithview, NM 81250",090-575-5097,benitezjoseph@dodson-wade.com,709,2017-10-08
178,Shawn Williams,1990-01-07,Male,"516 Shannon Alley Apt. 183, Jonesside, OH 92571",408-333-1309x180,williamjones@vargas.com,606,2022-07-07
179,Hannah Richardson,1966-02-25,Female,"409 Johnny Lodge Apt. 497, Lake Travis, CT 03032",(374)841-1688x6848,brownbrian@gmail.com,535,2022-01-23
180,Kimberly Lutz,2003-08-02,Female,"990 Huang Ports Apt. 285, Jamesberg, MA 14420",+1-926-722-8073x8560,pmassey@singh.com,684,2021-03-04
181,Shirley Wright,1964-12-12,Male,"3678 Max Locks Suite 256, Hayestown, AL 63101",001-220-806-2636x2887,sharonbrock@barber.com,677,2022-06-05
182,Patricia Pierce,1972-11-05,Female,"2581 Michelle Mountains, West Jessica, MS 83601",551.408.7714x20776,kimberlymathis@vaughn.com,603,2016-10-30
183,Mark Park,1994-07-06,Male,"5948 Pruitt Tunnel Apt. 102, Port Lonnieberg, SD 55158",394.633.4580,pfisher@rogers.com,442,2016-04-09
184,Tony Travis,2005-02-02,Male,"PSC 6914, Box 2501, APO AP 37432",506-653-8845x416,gregorylopez@ayers.com,343,2020-06-24
185,Pamela Brown,1983-07-30,Male,"9041 Flores Locks Apt. 945, Sullivanshire, CA 87284",(397)824-9184x9023,duanehodges@gmail.com,300,2023-03-31
186,Joseph Moore,1997-12-10,Female,"7188 Angela Shores, Brandonport, NJ 07374",001-374-121-2531x959,vanessaschmitt@brooks.com,744,2017-09-09
187,Mr. Mark Rodriguez,1983-03-02,Male,"380 Harris Mill Suite 080, New Josehaven, DC 55755",(873)775-0585,amandabrown@hotmail.com,849,2018-04-05
188,Alyssa Smith,1960-09-04,Male,"232 Thomas Fields, Heatherberg, IA 67473",(122)697-0154x657,roberthahn@leonard.com,774,2018-04-03
189,Miguel Hernandez,1965-12-10,Female,"082 Mckay Stravenue Apt. 227, Mooreton, TX 39516",713.374.4397x558,michaelpeck@yahoo.com,652,2023-10-12
190,Alexander Walters,1970-03-27,Female,"6414 John Mews, Tonifort, NY 49170",+1-039-137-7643x587,theresasmith@hotmail.com,799,2016-01-11
191,Kylie Cole,1956-07-12,Female,"754 Kelli Centers Suite 165, Barberstad, MI 03429",+1-828-829-9387x9535,ifreeman@yahoo.com,656,2019-05-04
192,James Wilson,1962-01-09,Male,"6289 Hansen Isle, Lake Lisashire, GA 83953",330-961-7837x76910,kimjames@gmail.com,483,2017-11-08
193,Selena Suarez,2005-06-06,Male,"343 Hughes Mountain Apt. 082, Schwartzton, SC 79445",631.020.9403,ipowell@gmail.com,453,2023-07-20
194,Nicholas Hayes,1980-03-07,Female,"70754 Autumn Mountains Apt. 657, Christineview, AK 29904",562.279.5863x71985,matthew32@graham.com,495,2016-11-22
195,Anthony Alvarez,1979-01-19,Male,"88763 Estes Lodge Apt. 339, Port Rebeccafurt, KS 30388",(825)798-3860x259,tporter@gmail.com,633,2018-11-05
196,Cheyenne Thomas,2003-01-18,Male,"71858 Clark Camp, Skinnerside, MD 45284",079-000-8299x30644,klewis@yahoo.com,515,2024-05-29
197,Laura Crosby,1995-12-20,Female,"123 Sheryl Mill, Port Mark, NV 68647",382-727-1788,tsmith@barrett.com,397,2018-08-05
198,Ronnie Gentry,1988-10-02,Female,"17950 Valerie Meadow Apt. 287, Barnettside, HI 17593",+1-914-775-7720x74572,newmanmark@estrada.info,520,2017-11-10
199,Patrick Davis,1995-09-17,Female,"98351 William Plaza Suite 375, East Julie, WA 10551",(804)681-2838,mitchellrobert@hays.biz,469,2016-01-06
200,Melody Griffin,1968-02-10,Female,"PSC 3283, Box 4413, APO AP 40501",675-660-3289,jason86@hotmail.com,715,2024-02-15
